{"return_mean": 0.5361842105263158, "timestep": 36124795, "_timestamp": 1750341993.8385983, "_runtime": 99065.47663521767, "_step": 83498, "return_std": 0.49868898414601787, "ep_length_mean": 34.55592105263158, "epsilon": 0.05, "loss_td": 15.264860153198242, "grad_norm": 45.23108673095703, "td_error_abs": 0.04972267150878906, "q_taken_mean": 0.044806498010823835, "target_mean": 0.047020687471901294, "test_0_return_mean": 0.7721774193548387, "test_0_return_std": 0.4194275293699023, "test_0_ep_length_mean": 36.078629032258064, "test_1_return_mean": 0.7842741935483871, "test_1_return_std": 0.4113249115752828, "test_1_ep_length_mean": 40.203629032258064, "episode": 990368}